Workbook

Sheet Report
A9: Headcount by Department
A10: Row Labels | B10: Count of EmployeeNumber
A11: Human Resources | B11: 63
A12: Research & Development | B12: 961
A13: Sales | B13: 446
A14: Grand Total | B14: 1470
A20: Average Monthly income by Department
A21: Row Labels | B21: Average of MonthlyIncome
A22: Human Resources | B22: 6654.5079
A23: Research & Development | B23: 6281.2529
A24: Sales | B24: 6959.1726
A25: Grand Total | B25: 6502.9313
A33: Attrition Count / Rate by Department
B34: Column Labels
B35: No | D35: Yes | F35: Total Employee Count | G35: Total %
A36: Row Labels | B36: Employee Count | C36: % | D36: Employee Count | E36: %
A37: Human Resources | B37: 51 | C37: 0.80952381 | D37: 12 | E37: 0.19047619 | F37: 63 | G37: 1
A38: Research & Development | B38: 828 | C38: 0.8616025 | D38: 133 | E38: 0.1383975 | F38: 961 | G38: 1
A39: Sales | B39: 354 | C39: 0.79372197 | D39: 92 | E39: 0.20627803 | F39: 446 | G39: 1
A40: Grand Total | B40: 1233 | C40: 0.83877551 | D40: 237 | E40: 0.16122449 | F40: 1470 | G40: 1

Sheet EmployeeMaster
A1: EmployeeNumber | B1: Age | C1: Department | D1: JobRole | E1: JobLevel | F1: MonthlyIncome | G1: YearsAtCompany | H1: WorkLifeBalance | I1: Attrition | J1: Column2
A2: 1 | B2: 41 | C2: Sales | D2: Sales Executive | E2: 2 | F2: 5993 | G2: 6 | H2: 1 | I2: Yes | J2: =IF(Employee[[#This Row],[Attrition]]="Yes","Resigned","Active") -> Resigned
A3: 2 | B3: 49 | C3: Research & Development | D3: Research Scientist | E3: 2 | F3: 5130 | G3: 10 | H3: 3 | I3: No | J3: =IF(Employee[[#This Row],[Attrition]]="Yes","Resigned","Active") -> Active
A4: 4 | B4: 37 | C4: Research & Development | D4: Laboratory Technician | E4: 1 | F4: 2090 | G4: 0 | H4: 3 | I4: Yes | J4: =IF(Employee[[#This Row],[Attrition]]="Yes","Resigned","Active") -> Resigned
A5: 5 | B5: 33 | C5: Research & Development | D5: Research Scientist | E5: 1 | F5: 2909 | G5: 8 | H5: 3 | I5: No | J5: =IF(Employee[[#This Row],[Attrition]]="Yes","Resigned","Active") -> Active
A6: 7 | B6: 27 | C6: Research & Development | D6: Laboratory Technician | E6: 1 | F6: 3468 | G6: 2 | H6: 3 | I6: No | J6: =IF(Employee[[#This Row],[Attrition]]="Yes","Resigned","Active") -> Active
A7: 8 | B7: 32 | C7: Research & Development | D7: Laboratory Technician | E7: 1 | F7: 3068 | G7: 7 | H7: 2 | I7: No | J7: =IF(Employee[[#This Row],[Attrition]]="Yes","Resigned","Active") -> Active
A8: 10 | B8: 59 | C8: Research & Development | D8: Laboratory Technician | E8: 1 | F8: 2670 | G8: 1 | H8: 2 | I8: No | J8: =IF(Employee[[#This Row],[Attrition]]="Yes","Resigned","Active") -> Active
A9: 11 | B9: 30 | C9: Research & Development | D9: Laboratory Technician | E9: 1 | F9: 2693 | G9: 1 | H9: 3 | I9: No | J9: =IF(Employee[[#This Row],[Attrition]]="Yes","Resigned","Active") -> Active
A10: 12 | B10: 38 | C10: Research & Development | D10: Manufacturing Director | E10: 3 | F10: 9526 | G10: 9 | H10: 3 | I10: No | J10: =IF(Employee[[#This Row],[Attrition]]="Yes","Resigned","Active") -> Active
A11: 13 | B11: 36 | C11: Research & Development | D11: Healthcare Representative | E11: 2 | F11: 5237 | G11: 7 | H11: 2 | I11: No | J11: =IF(Employee[[#This Row],[Attrition]]="Yes","Resigned","Active") -> Active
A12: 14 | B12: 35 | C12: Research & Development | D12: Laboratory Technician | E12: 1 | F12: 2426 | G12: 5 | H12: 3 | I12: No | J12: =IF(Employee[[#This Row],[Attrition]]="Yes","Resigned","Active") -> Active
A13: 15 | B13: 29 | C13: Research & Development | D13: Laboratory Technician | E13: 2 | F13: 4193 | G13: 9 | H13: 3 | I13: No | J13: =IF(Employee[[#This Row],[Attrition]]="Yes","Resigned","Active") -> Active
... A1471: 2068 | B1471: 34 | C1471: Research & Development | D1471: Laboratory Technician | E1471: 2 | F1471: 4404 | G1471: 4 | H1471: 4 | I1471: No | J1471: =IF(Employee[[#This Row],[Attrition]]="Yes","Resigned","Active") -> Active

Sheet Pay Roll
A1: EmployeeID | B1: Department | C1: MonthlyIncome | D1: HRA (20%) | E1: PF (12%) | F1: TAX (10%) | G1: Gross Pay | H1: Deduction | I1: Net Pay
A2: 1 | B2: =VLOOKUP(A2, EmployeeMaster!$A:$D, 3, FALSE) -> Sales | C2: 5993 | D2: =C2*20% -> 1198.6 | E2: =C2*12% -> 719.16 | F2: =C2*10% -> 599.3 | G2: =C2+D2 -> 7191.6 | H2: =E2+F2 -> 1318.46 | I2: =G2-H2 -> 5873.14
A3: 2 | B3: =VLOOKUP(A3, EmployeeMaster!$A:$D, 3, FALSE) -> Research & Development | C3: 5130 | D3: =C3*20% -> 1026 | E3: =C3*12% -> 615.6 | F3: =C3*10% -> 513 | G3: =C3+D3 -> 6156 | H3: =E3+F3 -> 1128.6 | I3: =G3-H3 -> 5027.4
A4: 4 | B4: =VLOOKUP(A4, EmployeeMaster!$A:$D, 3, FALSE) -> Research & Development | C4: 2090 | D4: =C4*20% -> 418 | E4: =C4*12% -> 250.8 | F4: =C4*10% -> 209 | G4: =C4+D4 -> 2508 | H4: =E4+F4 -> 459.8 | I4: =G4-H4 -> 2048.2
A5: 5 | B5: =VLOOKUP(A5, EmployeeMaster!$A:$D, 3, FALSE) -> Research & Development | C5: 2909 | D5: =C5*20% -> 581.8 | E5: =C5*12% -> 349.08 | F5: =C5*10% -> 290.9 | G5: =C5+D5 -> 3490.8 | H5: =E5+F5 -> 639.98 | I5: =G5-H5 -> 2850.82
A6: 7 | B6: =VLOOKUP(A6, EmployeeMaster!$A:$D, 3, FALSE) -> Research & Development | C6: 3468 | D6: =C6*20% -> 693.6 | E6: =C6*12% -> 416.16 | F6: =C6*10% -> 346.8 | G6: =C6+D6 -> 4161.6 | H6: =E6+F6 -> 762.96 | I6: =G6-H6 -> 3398.64
A7: 8 | B7: =VLOOKUP(A7, EmployeeMaster!$A:$D, 3, FALSE) -> Research & Development | C7: 3068 | D7: =C7*20% -> 613.6 | E7: =C7*12% -> 368.16 | F7: =C7*10% -> 306.8 | G7: =C7+D7 -> 3681.6 | H7: =E7+F7 -> 674.96 | I7: =G7-H7 -> 3006.64
A8: 10 | B8: =VLOOKUP(A8, EmployeeMaster!$A:$D, 3, FALSE) -> Research & Development | C8: 2670 | D8: =C8*20% -> 534 | E8: =C8*12% -> 320.4 | F8: =C8*10% -> 267 | G8: =C8+D8 -> 3204 | H8: =E8+F8 -> 587.4 | I8: =G8-H8 -> 2616.6
A9: 11 | B9: =VLOOKUP(A9, EmployeeMaster!$A:$D, 3, FALSE) -> Research & Development | C9: 2693 | D9: =C9*20% -> 538.6 | E9: =C9*12% -> 323.16 | F9: =C9*10% -> 269.3 | G9: =C9+D9 -> 3231.6 | H9: =E9+F9 -> 592.46 | I9: =G9-H9 -> 2639.14
A10: 12 | B10: =VLOOKUP(A10, EmployeeMaster!$A:$D, 3, FALSE) -> Research & Development | C10: 9526 | D10: =C10*20% -> 1905.2 | E10: =C10*12% -> 1143.12 | F10: =C10*10% -> 952.6 | G10: =C10+D10 -> 11431.2 | H10: =E10+F10 -> 2095.72 | I10: =G10-H10 -> 9335.48
A11: 13 | B11: =VLOOKUP(A11, EmployeeMaster!$A:$D, 3, FALSE) -> Research & Development | C11: 5237 | D11: =C11*20% -> 1047.4 | E11: =C11*12% -> 628.44 | F11: =C11*10% -> 523.7 | G11: =C11+D11 -> 6284.4 | H11: =E11+F11 -> 1152.14 | I11: =G11-H11 -> 5132.26
A12: 14 | B12: =VLOOKUP(A12, EmployeeMaster!$A:$D, 3, FALSE) -> Research & Development | C12: 2426 | D12: =C12*20% -> 485.2 | E12: =C12*12% -> 291.12 | F12: =C12*10% -> 242.6 | G12: =C12+D12 -> 2911.2 | H12: =E12+F12 -> 533.72 | I12: =G12-H12 -> 2377.48
A13: 15 | B13: =VLOOKUP(A13, EmployeeMaster!$A:$D, 3, FALSE) -> Research & Development | C13: 4193 | D13: =C13*20% -> 838.6 | E13: =C13*12% -> 503.16 | F13: =C13*10% -> 419.3 | G13: =C13+D13 -> 5031.6 | H13: =E13+F13 -> 922.46 | I13: =G13-H13 -> 4109.14
... A1471: 2068 | B1471: =VLOOKUP(A1471, EmployeeMaster!$A:$D, 3, FALSE) -> Research & Development | C1471: 4404 | D1471: =C1471*20% -> 880.8 | E1471: =C1471*12% -> 528.48 | F1471: =C1471*10% -> 440.4 | G1471: =C1471+D1471 -> 5284.8 | H1471: =E1471+F1471 -> 968.88 | I1471: =G1471-H1471 -> 4315.92
